Player 1,Player 2
"Botvinnik, M.","Smyslov, V."
"Botvinnik, M.","Smyslov, V."
"Botvinnik, M.","Smyslov, V."
"Botvinnik, M.","Smyslov, V."
"Botvinnik, M.","Reshevsky, S."
"Botvinnik, M.","Reshevsky, S."
"Botvinnik, M.","Reshevsky, S."
"Botvinnik, M.","Reshevsky, S."
"Botvinnik, M.","Keres, P."
"Botvinnik, M.","Keres, P."
"Botvinnik, M.","Keres, P."
"Botvinnik, M.","Keres, P."
"Botvinnik, M.","Euwe, M."
"Botvinnik, M.","Euwe, M."
"Botvinnik, M.","Euwe, M."
"Botvinnik, M.","Euwe, M."
"Reshevsky, S.","Smyslov, V."
"Reshevsky, S.","Smyslov, V."
"Reshevsky, S.","Smyslov, V."
"Reshevsky, S.","Smyslov, V."
"Keres, P.","Smyslov, V."
"Keres, P.","Smyslov, V."
"Keres, P.","Smyslov, V."
"Keres, P.","Smyslov, V."
"Euwe, M.","Smyslov, V."
"Euwe, M.","Smyslov, V."
"Euwe, M.","Smyslov, V."
"Euwe, M.","Smyslov, V."
"Keres, P.","Reshevsky, S."
"Keres, P.","Reshevsky, S."
"Keres, P.","Reshevsky, S."
"Keres, P.","Reshevsky, S."
"Euwe, M.","Reshevsky, S."
"Euwe, M.","Reshevsky, S."
"Euwe, M.","Reshevsky, S."
"Euwe, M.","Reshevsky, S."
"Euwe, M.","Keres, P."
"Euwe, M.","Keres, P."
"Euwe, M.","Keres, P."
"Euwe, M.","Keres, P."
"Boleslavsky, I.","Bronstein, D."
"Boleslavsky, I.","Bronstein, D."
"Bronstein, D.","Smyslov, V."
"Bronstein, D.","Smyslov, V."
"Bronstein, D.","Keres, P."
"Bronstein, D.","Keres, P."
"Bronstein, D.","Najdorf, M."
"Bronstein, D.","Najdorf, M."
"Bronstein, D.","Kotov, A."
"Bronstein, D.","Kotov, A."
"Bronstein, D.","Stahlberg, G."
"Bronstein, D.","Stahlberg, G."
"Bronstein, D.","Lilienthal, A."
"Bronstein, D.","Lilienthal, A."
"Bronstein, D.","Szabo, L."
"Bronstein, D.","Szabo, L."
"Bronstein, D.","Flohr, S."
"Bronstein, D.","Flohr, S."
"Boleslavsky, I.","Smyslov, V."
"Boleslavsky, I.","Smyslov, V."
"Boleslavsky, I.","Keres, P."
"Boleslavsky, I.","Keres, P."
"Boleslavsky, I.","Najdorf, M."
"Boleslavsky, I.","Najdorf, M."
"Boleslavsky, I.","Kotov, A."
"Boleslavsky, I.","Kotov, A."
"Boleslavsky, I.","Stahlberg, G."
"Boleslavsky, I.","Stahlberg, G."
"Boleslavsky, I.","Lilienthal, A."
"Boleslavsky, I.","Lilienthal, A."
"Boleslavsky, I.","Szabo, L."
"Boleslavsky, I.","Szabo, L."
"Boleslavsky, I.","Flohr, S."
"Boleslavsky, I.","Flohr, S."
"Keres, P.","Smyslov, V."
"Keres, P.","Smyslov, V."
"Najdorf, M.","Smyslov, V."
"Najdorf, M.","Smyslov, V."
"Kotov, A.","Smyslov, V."
"Kotov, A.","Smyslov, V."
"Smyslov, V.","Stahlberg, G."
"Smyslov, V.","Stahlberg, G."
"Lilienthal, A.","Smyslov, V."
"Lilienthal, A.","Smyslov, V."
"Smyslov, V.","Szabo, L."
"Smyslov, V.","Szabo, L."
"Flohr, S.","Smyslov, V."
"Flohr, S.","Smyslov, V."
"Keres, P.","Najdorf, M."
"Keres, P.","Najdorf, M."
"Keres, P.","Kotov, A."
"Keres, P.","Kotov, A."
"Keres, P.","Stahlberg, G."
"Keres, P.","Stahlberg, G."
"Keres, P.","Lilienthal, A."
"Keres, P.","Lilienthal, A."
"Keres, P.","Szabo, L."
"Keres, P.","Szabo, L."
"Flohr, S.","Keres, P."
"Flohr, S.","Keres, P."
"Kotov, A.","Najdorf, M."
"Kotov, A.","Najdorf, M."
"Najdorf, M.","Stahlberg, G."
"Najdorf, M.","Stahlberg, G."
"Lilienthal, A.","Najdorf, M."
"Lilienthal, A.","Najdorf, M."
"Najdorf, M.","Szabo, L."
"Najdorf, M.","Szabo, L."
"Flohr, S.","Najdorf, M."
"Flohr, S.","Najdorf, M."
"Kotov, A.","Stahlberg, G."
"Kotov, A.","Stahlberg, G."
"Kotov, A.","Lilienthal, A."
"Kotov, A.","Lilienthal, A."
"Kotov, A.","Szabo, L."
"Kotov, A.","Szabo, L."
"Flohr, S.","Kotov, A."
"Flohr, S.","Kotov, A."
"Lilienthal, A.","Stahlberg, G."
"Lilienthal, A.","Stahlberg, G."
"Stahlberg, G.","Szabo, L."
"Stahlberg, G.","Szabo, L."
"Flohr, S.","Stahlberg, G."
"Flohr, S.","Stahlberg, G."
"Lilienthal, A.","Szabo, L."
"Lilienthal, A.","Szabo, L."
"Flohr, S.","Lilienthal, A."
"Flohr, S.","Lilienthal, A."
"Flohr, S.","Szabo, L."
"Flohr, S.","Szabo, L."
"Botvinnik, M.","Bronstein, D."
"Botvinnik, M.","Bronstein, D."
"Botvinnik, M.","Bronstein, D."
"Botvinnik, M.","Bronstein, D."
"Botvinnik, M.","Bronstein, D."
"Botvinnik, M.","Bronstein, D."
"Botvinnik, M.","Bronstein, D."
"Botvinnik, M.","Bronstein, D."
"Botvinnik, M.","Bronstein, D."
"Botvinnik, M.","Bronstein, D."
"Botvinnik, M.","Bronstein, D."
"Botvinnik, M.","Bronstein, D."
"Botvinnik, M.","Bronstein, D."
"Botvinnik, M.","Bronstein, D."
"Botvinnik, M.","Bronstein, D."
"Botvinnik, M.","Bronstein, D."
"Botvinnik, M.","Bronstein, D."
"Botvinnik, M.","Bronstein, D."
"Botvinnik, M.","Bronstein, D."
"Botvinnik, M.","Bronstein, D."
"Botvinnik, M.","Bronstein, D."
"Botvinnik, M.","Bronstein, D."
"Botvinnik, M.","Bronstein, D."
"Botvinnik, M.","Bronstein, D."
"Bronstein, D.","Smyslov, V."
"Bronstein, D.","Smyslov, V."
"Reshevsky, S.","Smyslov, V."
"Reshevsky, S.","Smyslov, V."
"Keres, P.","Smyslov, V."
"Keres, P.","Smyslov, V."
"Petrosian, T.","Smyslov, V."
"Petrosian, T.","Smyslov, V."
"Najdorf, M.","Smyslov, V."
"Najdorf, M.","Smyslov, V."
"Geller, E.","Smyslov, V."
"Geller, E.","Smyslov, V."
"Kotov, A.","Smyslov, V."
"Kotov, A.","Smyslov, V."
"Smyslov, V.","Taimanov, M."
"Smyslov, V.","Taimanov, M."
"Averbakh, Y.","Smyslov, V."
"Averbakh, Y.","Smyslov, V."
"Boleslavsky, I.","Smyslov, V."
"Boleslavsky, I.","Smyslov, V."
"Smyslov, V.","Szabo, L."
"Smyslov, V.","Szabo, L."
"Gligoric, S.","Smyslov, V."
"Gligoric, S.","Smyslov, V."
"Euwe, M.","Smyslov, V."
"Euwe, M.","Smyslov, V."
"Smyslov, V.","Stahlberg, G."
"Smyslov, V.","Stahlberg, G."
"Bronstein, D.","Reshevsky, S."
"Bronstein, D.","Reshevsky, S."
"Bronstein, D.","Keres, P."
"Bronstein, D.","Keres, P."
"Bronstein, D.","Petrosian, T."
"Bronstein, D.","Petrosian, T."
"Bronstein, D.","Najdorf, M."
"Bronstein, D.","Najdorf, M."
"Bronstein, D.","Geller, E."
"Bronstein, D.","Geller, E."
"Bronstein, D.","Kotov, A."
"Bronstein, D.","Kotov, A."
"Bronstein, D.","Taimanov, M."
"Bronstein, D.","Taimanov, M."
"Averbakh, Y.","Bronstein, D."
"Averbakh, Y.","Bronstein, D."
"Boleslavsky, I.","Bronstein, D."
"Boleslavsky, I.","Bronstein, D."
"Bronstein, D.","Szabo, L."
"Bronstein, D.","Szabo, L."
"Bronstein, D.","Gligoric, S."
"Bronstein, D.","Gligoric, S."
"Bronstein, D.","Euwe, M."
"Bronstein, D.","Euwe, M."
"Bronstein, D.","Stahlberg, G."
"Bronstein, D.","Stahlberg, G."
"Keres, P.","Reshevsky, S."
"Keres, P.","Reshevsky, S."
"Petrosian, T.","Reshevsky, S."
"Petrosian, T.","Reshevsky, S."
"Najdorf, M.","Reshevsky, S."
"Najdorf, M.","Reshevsky, S."
"Geller, E.","Reshevsky, S."
"Geller, E.","Reshevsky, S."
"Kotov, A.","Reshevsky, S."
"Kotov, A.","Reshevsky, S."
"Reshevsky, S.","Taimanov, M."
"Reshevsky, S.","Taimanov, M."
"Averbakh, Y.","Reshevsky, S."
"Averbakh, Y.","Reshevsky, S."
"Boleslavsky, I.","Reshevsky, S."
"Boleslavsky, I.","Reshevsky, S."
"Reshevsky, S.","Szabo, L."
"Reshevsky, S.","Szabo, L."
"Gligoric, S.","Reshevsky, S."
"Gligoric, S.","Reshevsky, S."
"Euwe, M.","Reshevsky, S."
"Euwe, M.","Reshevsky, S."
"Reshevsky, S.","Stahlberg, G."
"Reshevsky, S.","Stahlberg, G."
"Keres, P.","Petrosian, T."
"Keres, P.","Petrosian, T."
"Keres, P.","Najdorf, M."
"Keres, P.","Najdorf, M."
"Geller, E.","Keres, P."
"Geller, E.","Keres, P."
"Keres, P.","Kotov, A."
"Keres, P.","Kotov, A."
"Keres, P.","Taimanov, M."
"Keres, P.","Taimanov, M."
"Averbakh, Y.","Keres, P."
"Averbakh, Y.","Keres, P."
"Boleslavsky, I.","Keres, P."
"Boleslavsky, I.","Keres, P."
"Keres, P.","Szabo, L."
"Keres, P.","Szabo, L."
"Gligoric, S.","Keres, P."
"Gligoric, S.","Keres, P."
"Euwe, M.","Keres, P."
"Euwe, M.","Keres, P."
"Keres, P.","Stahlberg, G."
"Keres, P.","Stahlberg, G."
"Najdorf, M.","Petrosian, T."
"Najdorf, M.","Petrosian, T."
"Geller, E.","Petrosian, T."
"Geller, E.","Petrosian, T."
"Kotov, A.","Petrosian, T."
"Kotov, A.","Petrosian, T."
"Petrosian, T.","Taimanov, M."
"Petrosian, T.","Taimanov, M."
"Averbakh, Y.","Petrosian, T."
"Averbakh, Y.","Petrosian, T."
"Boleslavsky, I.","Petrosian, T."
"Boleslavsky, I.","Petrosian, T."
"Petrosian, T.","Szabo, L."
"Petrosian, T.","Szabo, L."
"Gligoric, S.","Petrosian, T."
"Gligoric, S.","Petrosian, T."
"Euwe, M.","Petrosian, T."
"Euwe, M.","Petrosian, T."
"Petrosian, T.","Stahlberg, G."
"Petrosian, T.","Stahlberg, G."
"Geller, E.","Najdorf, M."
"Geller, E.","Najdorf, M."
"Kotov, A.","Najdorf, M."
"Kotov, A.","Najdorf, M."
"Najdorf, M.","Taimanov, M."
"Najdorf, M.","Taimanov, M."
"Averbakh, Y.","Najdorf, M."
"Averbakh, Y.","Najdorf, M."
"Boleslavsky, I.","Najdorf, M."
"Boleslavsky, I.","Najdorf, M."
"Najdorf, M.","Szabo, L."
"Najdorf, M.","Szabo, L."
"Gligoric, S.","Najdorf, M."
"Gligoric, S.","Najdorf, M."
"Euwe, M.","Najdorf, M."
"Euwe, M.","Najdorf, M."
"Najdorf, M.","Stahlberg, G."
"Najdorf, M.","Stahlberg, G."
"Geller, E.","Kotov, A."
"Geller, E.","Kotov, A."
"Geller, E.","Taimanov, M."
"Geller, E.","Taimanov, M."
"Averbakh, Y.","Geller, E."
"Averbakh, Y.","Geller, E."
"Boleslavsky, I.","Geller, E."
"Boleslavsky, I.","Geller, E."
"Geller, E.","Szabo, L."
"Geller, E.","Szabo, L."
"Geller, E.","Gligoric, S."
"Geller, E.","Gligoric, S."
"Euwe, M.","Geller, E."
"Euwe, M.","Geller, E."
"Geller, E.","Stahlberg, G."
"Geller, E.","Stahlberg, G."
"Kotov, A.","Taimanov, M."
"Kotov, A.","Taimanov, M."
"Averbakh, Y.","Kotov, A."
"Averbakh, Y.","Kotov, A."
"Boleslavsky, I.","Kotov, A."
"Boleslavsky, I.","Kotov, A."
"Kotov, A.","Szabo, L."
"Kotov, A.","Szabo, L."
"Gligoric, S.","Kotov, A."
"Gligoric, S.","Kotov, A."
"Euwe, M.","Kotov, A."
"Euwe, M.","Kotov, A."
"Kotov, A.","Stahlberg, G."
"Kotov, A.","Stahlberg, G."
"Averbakh, Y.","Taimanov, M."
"Averbakh, Y.","Taimanov, M."
"Boleslavsky, I.","Taimanov, M."
"Boleslavsky, I.","Taimanov, M."
"Szabo, L.","Taimanov, M."
"Szabo, L.","Taimanov, M."
"Gligoric, S.","Taimanov, M."
"Gligoric, S.","Taimanov, M."
"Euwe, M.","Taimanov, M."
"Euwe, M.","Taimanov, M."
"Stahlberg, G.","Taimanov, M."
"Stahlberg, G.","Taimanov, M."
"Averbakh, Y.","Boleslavsky, I."
"Averbakh, Y.","Boleslavsky, I."
"Averbakh, Y.","Szabo, L."
"Averbakh, Y.","Szabo, L."
"Averbakh, Y.","Gligoric, S."
"Averbakh, Y.","Gligoric, S."
"Averbakh, Y.","Euwe, M."
"Averbakh, Y.","Euwe, M."
"Averbakh, Y.","Stahlberg, G."
"Averbakh, Y.","Stahlberg, G."
"Boleslavsky, I.","Szabo, L."
"Boleslavsky, I.","Szabo, L."
"Boleslavsky, I.","Gligoric, S."
"Boleslavsky, I.","Gligoric, S."
"Boleslavsky, I.","Euwe, M."
"Boleslavsky, I.","Euwe, M."
"Boleslavsky, I.","Stahlberg, G."
"Boleslavsky, I.","Stahlberg, G."
"Gligoric, S.","Szabo, L."
"Gligoric, S.","Szabo, L."
"Euwe, M.","Szabo, L."
"Euwe, M.","Szabo, L."
"Stahlberg, G.","Szabo, L."
"Stahlberg, G.","Szabo, L."
"Euwe, M.","Gligoric, S."
"Euwe, M.","Gligoric, S."
"Gligoric, S.","Stahlberg, G."
"Gligoric, S.","Stahlberg, G."
"Euwe, M.","Stahlberg, G."
"Euwe, M.","Stahlberg, G."
"Botvinnik, M.","Smyslov, V."
"Botvinnik, M.","Smyslov, V."
"Botvinnik, M.","Smyslov, V."
"Botvinnik, M.","Smyslov, V."
"Botvinnik, M.","Smyslov, V."
"Botvinnik, M.","Smyslov, V."
"Botvinnik, M.","Smyslov, V."
"Botvinnik, M.","Smyslov, V."
"Botvinnik, M.","Smyslov, V."
"Botvinnik, M.","Smyslov, V."
"Botvinnik, M.","Smyslov, V."
"Botvinnik, M.","Smyslov, V."
"Botvinnik, M.","Smyslov, V."
"Botvinnik, M.","Smyslov, V."
"Botvinnik, M.","Smyslov, V."
"Botvinnik, M.","Smyslov, V."
"Botvinnik, M.","Smyslov, V."
"Botvinnik, M.","Smyslov, V."
"Botvinnik, M.","Smyslov, V."
"Botvinnik, M.","Smyslov, V."
"Botvinnik, M.","Smyslov, V."
"Botvinnik, M.","Smyslov, V."
"Botvinnik, M.","Smyslov, V."
"Botvinnik, M.","Smyslov, V."
"Botvinnik, M.","Smyslov, V."
"Botvinnik, M.","Smyslov, V."
"Botvinnik, M.","Smyslov, V."
"Botvinnik, M.","Smyslov, V."
"Botvinnik, M.","Smyslov, V."
"Botvinnik, M.","Smyslov, V."
"Botvinnik, M.","Smyslov, V."
"Botvinnik, M.","Smyslov, V."
"Botvinnik, M.","Smyslov, V."
"Botvinnik, M.","Smyslov, V."
"Botvinnik, M.","Smyslov, V."
"Botvinnik, M.","Smyslov, V."
"Botvinnik, M.","Smyslov, V."
"Botvinnik, M.","Smyslov, V."
"Botvinnik, M.","Smyslov, V."
"Botvinnik, M.","Smyslov, V."
"Botvinnik, M.","Smyslov, V."
"Botvinnik, M.","Smyslov, V."
"Botvinnik, M.","Smyslov, V."
"Botvinnik, M.","Smyslov, V."
"Botvinnik, M.","Smyslov, V."
"Botvinnik, M.","Smyslov, V."
"Botvinnik, M.","Smyslov, V."
"Keres, P.","Smyslov, V."
"Keres, P.","Smyslov, V."
"Smyslov, V.","Szabo, L."
"Smyslov, V.","Szabo, L."
"Smyslov, V.","Spassky, B."
"Smyslov, V.","Spassky, B."
"Petrosian, T.","Smyslov, V."
"Petrosian, T.","Smyslov, V."
"Bronstein, D.","Smyslov, V."
"Bronstein, D.","Smyslov, V."
"Geller, E.","Smyslov, V."
"Geller, E.","Smyslov, V."
"Filip, M.","Smyslov, V."
"Filip, M.","Smyslov, V."
"Panno, O.","Smyslov, V."
"Panno, O.","Smyslov, V."
"Pilnik, H.","Smyslov, V."
"Pilnik, H.","Smyslov, V."
"Keres, P.","Szabo, L."
"Keres, P.","Szabo, L."
"Keres, P.","Spassky, B."
"Keres, P.","Spassky, B."
"Keres, P.","Petrosian, T."
"Keres, P.","Petrosian, T."
"Bronstein, D.","Keres, P."
"Bronstein, D.","Keres, P."
"Geller, E.","Keres, P."
"Geller, E.","Keres, P."
"Filip, M.","Keres, P."
"Filip, M.","Keres, P."
"Keres, P.","Panno, O."
"Keres, P.","Panno, O."
"Keres, P.","Pilnik, H."
"Keres, P.","Pilnik, H."
"Spassky, B.","Szabo, L."
"Spassky, B.","Szabo, L."
"Petrosian, T.","Szabo, L."
"Petrosian, T.","Szabo, L."
"Bronstein, D.","Szabo, L."
"Bronstein, D.","Szabo, L."
"Geller, E.","Szabo, L."
"Geller, E.","Szabo, L."
"Filip, M.","Szabo, L."
"Filip, M.","Szabo, L."
"Panno, O.","Szabo, L."
"Panno, O.","Szabo, L."
"Pilnik, H.","Szabo, L."
"Pilnik, H.","Szabo, L."
"Petrosian, T.","Spassky, B."
"Petrosian, T.","Spassky, B."
"Bronstein, D.","Spassky, B."
"Bronstein, D.","Spassky, B."
"Geller, E.","Spassky, B."
"Geller, E.","Spassky, B."
"Filip, M.","Spassky, B."
"Filip, M.","Spassky, B."
"Panno, O.","Spassky, B."
"Panno, O.","Spassky, B."
"Pilnik, H.","Spassky, B."
"Pilnik, H.","Spassky, B."
"Bronstein, D.","Petrosian, T."
"Bronstein, D.","Petrosian, T."
"Geller, E.","Petrosian, T."
"Geller, E.","Petrosian, T."
"Filip, M.","Petrosian, T."
"Filip, M.","Petrosian, T."
"Panno, O.","Petrosian, T."
"Panno, O.","Petrosian, T."
"Petrosian, T.","Pilnik, H."
"Petrosian, T.","Pilnik, H."
"Bronstein, D.","Geller, E."
"Bronstein, D.","Geller, E."
"Bronstein, D.","Filip, M."
"Bronstein, D.","Filip, M."
"Bronstein, D.","Panno, O."
"Bronstein, D.","Panno, O."
"Bronstein, D.","Pilnik, H."
"Bronstein, D.","Pilnik, H."
"Filip, M.","Geller, E."
"Filip, M.","Geller, E."
"Geller, E.","Panno, O."
"Geller, E.","Panno, O."
"Geller, E.","Pilnik, H."
"Geller, E.","Pilnik, H."
"Filip, M.","Panno, O."
"Filip, M.","Panno, O."
"Filip, M.","Pilnik, H."
"Filip, M.","Pilnik, H."
"Panno, O.","Pilnik, H."
"Panno, O.","Pilnik, H."
"Botvinnik, M.","Smyslov, V."
"Botvinnik, M.","Smyslov, V."
"Botvinnik, M.","Smyslov, V."
"Botvinnik, M.","Smyslov, V."
"Botvinnik, M.","Smyslov, V."
"Botvinnik, M.","Smyslov, V."
"Botvinnik, M.","Smyslov, V."
"Botvinnik, M.","Smyslov, V."
"Botvinnik, M.","Smyslov, V."
"Botvinnik, M.","Smyslov, V."
"Botvinnik, M.","Smyslov, V."
"Botvinnik, M.","Smyslov, V."
"Botvinnik, M.","Smyslov, V."
"Botvinnik, M.","Smyslov, V."
"Botvinnik, M.","Smyslov, V."
"Botvinnik, M.","Smyslov, V."
"Botvinnik, M.","Smyslov, V."
"Botvinnik, M.","Smyslov, V."
"Botvinnik, M.","Smyslov, V."
"Botvinnik, M.","Smyslov, V."
"Botvinnik, M.","Smyslov, V."
"Botvinnik, M.","Smyslov, V."
"Botvinnik, M.","Tal, M."
"Botvinnik, M.","Tal, M."
"Botvinnik, M.","Tal, M."
"Botvinnik, M.","Tal, M."
"Botvinnik, M.","Tal, M."
"Botvinnik, M.","Tal, M."
"Botvinnik, M.","Tal, M."
"Botvinnik, M.","Tal, M."
"Botvinnik, M.","Tal, M."
"Botvinnik, M.","Tal, M."
"Botvinnik, M.","Tal, M."
"Botvinnik, M.","Tal, M."
"Botvinnik, M.","Tal, M."
"Botvinnik, M.","Tal, M."
"Botvinnik, M.","Tal, M."
"Botvinnik, M.","Tal, M."
"Botvinnik, M.","Tal, M."
"Botvinnik, M.","Tal, M."
"Botvinnik, M.","Tal, M."
"Botvinnik, M.","Tal, M."
"Botvinnik, M.","Tal, M."
"Keres, P.","Tal, M."
"Keres, P.","Tal, M."
"Keres, P.","Tal, M."
"Keres, P.","Tal, M."
"Petrosian, T.","Tal, M."
"Petrosian, T.","Tal, M."
"Petrosian, T.","Tal, M."
"Petrosian, T.","Tal, M."
"Smyslov, V.","Tal, M."
"Smyslov, V.","Tal, M."
"Smyslov, V.","Tal, M."
"Smyslov, V.","Tal, M."
"Gligoric, S.","Tal, M."
"Gligoric, S.","Tal, M."
"Gligoric, S.","Tal, M."
"Gligoric, S.","Tal, M."
"Fischer, R.","Tal, M."
"Fischer, R.","Tal, M."
"Fischer, R.","Tal, M."
"Fischer, R.","Tal, M."
"Olafsson, F.","Tal, M."
"Olafsson, F.","Tal, M."
"Olafsson, F.","Tal, M."
"Olafsson, F.","Tal, M."
"Benko, P.","Tal, M."
"Benko, P.","Tal, M."
"Benko, P.","Tal, M."
"Benko, P.","Tal, M."
"Keres, P.","Petrosian, T."
"Keres, P.","Petrosian, T."
"Keres, P.","Petrosian, T."
"Keres, P.","Petrosian, T."
"Keres, P.","Smyslov, V."
"Keres, P.","Smyslov, V."
"Keres, P.","Smyslov, V."
"Keres, P.","Smyslov, V."
"Gligoric, S.","Keres, P."
"Gligoric, S.","Keres, P."
"Gligoric, S.","Keres, P."
"Gligoric, S.","Keres, P."
"Fischer, R.","Keres, P."
"Fischer, R.","Keres, P."
"Fischer, R.","Keres, P."
"Fischer, R.","Keres, P."
"Keres, P.","Olafsson, F."
"Keres, P.","Olafsson, F."
"Keres, P.","Olafsson, F."
"Keres, P.","Olafsson, F."
"Benko, P.","Keres, P."
"Benko, P.","Keres, P."
"Benko, P.","Keres, P."
"Benko, P.","Keres, P."
"Petrosian, T.","Smyslov, V."
"Petrosian, T.","Smyslov, V."
"Petrosian, T.","Smyslov, V."
"Petrosian, T.","Smyslov, V."
"Gligoric, S.","Petrosian, T."
"Gligoric, S.","Petrosian, T."
"Gligoric, S.","Petrosian, T."
"Gligoric, S.","Petrosian, T."
"Fischer, R.","Petrosian, T."
"Fischer, R.","Petrosian, T."
"Fischer, R.","Petrosian, T."
"Fischer, R.","Petrosian, T."
"Olafsson, F.","Petrosian, T."
"Olafsson, F.","Petrosian, T."
"Olafsson, F.","Petrosian, T."
"Olafsson, F.","Petrosian, T."
"Benko, P.","Petrosian, T."
"Benko, P.","Petrosian, T."
"Benko, P.","Petrosian, T."
"Benko, P.","Petrosian, T."
"Gligoric, S.","Smyslov, V."
"Gligoric, S.","Smyslov, V."
"Gligoric, S.","Smyslov, V."
"Gligoric, S.","Smyslov, V."
"Fischer, R.","Smyslov, V."
"Fischer, R.","Smyslov, V."
"Fischer, R.","Smyslov, V."
"Fischer, R.","Smyslov, V."
"Olafsson, F.","Smyslov, V."
"Olafsson, F.","Smyslov, V."
"Olafsson, F.","Smyslov, V."
"Olafsson, F.","Smyslov, V."
"Benko, P.","Smyslov, V."
"Benko, P.","Smyslov, V."
"Benko, P.","Smyslov, V."
"Benko, P.","Smyslov, V."
"Fischer, R.","Gligoric, S."
"Fischer, R.","Gligoric, S."
"Fischer, R.","Gligoric, S."
"Fischer, R.","Gligoric, S."
"Gligoric, S.","Olafsson, F."
"Gligoric, S.","Olafsson, F."
"Gligoric, S.","Olafsson, F."
"Gligoric, S.","Olafsson, F."
"Benko, P.","Gligoric, S."
"Benko, P.","Gligoric, S."
"Benko, P.","Gligoric, S."
"Benko, P.","Gligoric, S."
"Fischer, R.","Olafsson, F."
"Fischer, R.","Olafsson, F."
"Fischer, R.","Olafsson, F."
"Fischer, R.","Olafsson, F."
"Benko, P.","Fischer, R."
"Benko, P.","Fischer, R."
"Benko, P.","Fischer, R."
"Benko, P.","Fischer, R."
"Benko, P.","Olafsson, F."
"Benko, P.","Olafsson, F."
"Benko, P.","Olafsson, F."
"Benko, P.","Olafsson, F."
"Botvinnik, M.","Tal, M."
"Botvinnik, M.","Tal, M."
"Botvinnik, M.","Tal, M."
"Botvinnik, M.","Tal, M."
"Botvinnik, M.","Tal, M."
"Botvinnik, M.","Tal, M."
"Botvinnik, M.","Tal, M."
"Botvinnik, M.","Tal, M."
"Botvinnik, M.","Tal, M."
"Botvinnik, M.","Tal, M."
"Botvinnik, M.","Tal, M."
"Botvinnik, M.","Tal, M."
"Botvinnik, M.","Tal, M."
"Botvinnik, M.","Tal, M."
"Botvinnik, M.","Tal, M."
"Botvinnik, M.","Tal, M."
"Botvinnik, M.","Tal, M."
"Botvinnik, M.","Tal, M."
"Botvinnik, M.","Tal, M."
"Botvinnik, M.","Tal, M."
"Botvinnik, M.","Tal, M."
"Keres, P.","Petrosian, T."
"Keres, P.","Petrosian, T."
"Keres, P.","Petrosian, T."
"Keres, P.","Petrosian, T."
"Geller, E.","Petrosian, T."
"Geller, E.","Petrosian, T."
"Geller, E.","Petrosian, T."
"Geller, E.","Petrosian, T."
"Fischer, R.","Petrosian, T."
"Fischer, R.","Petrosian, T."
"Fischer, R.","Petrosian, T."
"Fischer, R.","Petrosian, T."
"Korchnoi, V.","Petrosian, T."
"Korchnoi, V.","Petrosian, T."
"Korchnoi, V.","Petrosian, T."
"Korchnoi, V.","Petrosian, T."
"Benko, P.","Petrosian, T."
"Benko, P.","Petrosian, T."
"Benko, P.","Petrosian, T."
"Benko, P.","Petrosian, T."
"Petrosian, T.","Tal, M."
"Petrosian, T.","Tal, M."
"Petrosian, T.","Tal, M."
"Filip, M.","Petrosian, T."
"Filip, M.","Petrosian, T."
"Filip, M.","Petrosian, T."
"Filip, M.","Petrosian, T."
"Geller, E.","Keres, P."
"Geller, E.","Keres, P."
"Geller, E.","Keres, P."
"Geller, E.","Keres, P."
"Fischer, R.","Keres, P."
"Fischer, R.","Keres, P."
"Fischer, R.","Keres, P."
"Fischer, R.","Keres, P."
"Keres, P.","Korchnoi, V."
"Keres, P.","Korchnoi, V."
"Keres, P.","Korchnoi, V."
"Keres, P.","Korchnoi, V."
"Benko, P.","Keres, P."
"Benko, P.","Keres, P."
"Benko, P.","Keres, P."
"Benko, P.","Keres, P."
"Keres, P.","Tal, M."
"Keres, P.","Tal, M."
"Keres, P.","Tal, M."
"Filip, M.","Keres, P."
"Filip, M.","Keres, P."
"Filip, M.","Keres, P."
"Filip, M.","Keres, P."
"Fischer, R.","Geller, E."
"Fischer, R.","Geller, E."
"Fischer, R.","Geller, E."
"Fischer, R.","Geller, E."
"Geller, E.","Korchnoi, V."
"Geller, E.","Korchnoi, V."
"Geller, E.","Korchnoi, V."
"Geller, E.","Korchnoi, V."
"Geller, E.","Benko, P."
"Geller, E.","Benko, P."
"Geller, E.","Benko, P."
"Geller, E.","Benko, P."
"Geller, E.","Tal, M."
"Geller, E.","Tal, M."
"Geller, E.","Tal, M."
"Filip, M.","Geller, E."
"Filip, M.","Geller, E."
"Filip, M.","Geller, E."
"Filip, M.","Geller, E."
"Fischer, R.","Korchnoi, V."
"Fischer, R.","Korchnoi, V."
"Fischer, R.","Korchnoi, V."
"Fischer, R.","Korchnoi, V."
"Benko, P.","Fischer, R."
"Benko, P.","Fischer, R."
"Benko, P.","Fischer, R."
"Benko, P.","Fischer, R."
"Fischer, R.","Tal, M."
"Fischer, R.","Tal, M."
"Fischer, R.","Tal, M."
"Filip, M.","Fischer, R."
"Filip, M.","Fischer, R."
"Filip, M.","Fischer, R."
"Filip, M.","Fischer, R."
"Benko, P.","Korchnoi, V."
"Benko, P.","Korchnoi, V."
"Benko, P.","Korchnoi, V."
"Benko, P.","Korchnoi, V."
"Korchnoi, V.","Tal, M."
"Korchnoi, V.","Tal, M."
"Korchnoi, V.","Tal, M."
"Filip, M.","Korchnoi, V."
"Filip, M.","Korchnoi, V."
"Filip, M.","Korchnoi, V."
"Filip, M.","Korchnoi, V."
"Benko, P.","Tal, M."
"Benko, P.","Tal, M."
"Benko, P.","Tal, M."
"Benko, P.","Filip, M."
"Benko, P.","Filip, M."
"Benko, P.","Filip, M."
"Benko, P.","Filip, M."
"Filip, M.","Tal, M."
"Filip, M.","Tal, M."
"Filip, M.","Tal, M."
"Botvinnik, M.","Petrosian, T."
"Botvinnik, M.","Petrosian, T."
"Botvinnik, M.","Petrosian, T."
"Botvinnik, M.","Petrosian, T."
"Botvinnik, M.","Petrosian, T."
"Botvinnik, M.","Petrosian, T."
"Botvinnik, M.","Petrosian, T."
"Botvinnik, M.","Petrosian, T."
"Botvinnik, M.","Petrosian, T."
"Botvinnik, M.","Petrosian, T."
"Botvinnik, M.","Petrosian, T."
"Botvinnik, M.","Petrosian, T."
"Botvinnik, M.","Petrosian, T."
"Botvinnik, M.","Petrosian, T."
"Botvinnik, M.","Petrosian, T."
"Botvinnik, M.","Petrosian, T."
"Botvinnik, M.","Petrosian, T."
"Botvinnik, M.","Petrosian, T."
"Botvinnik, M.","Petrosian, T."
"Botvinnik, M.","Petrosian, T."
"Botvinnik, M.","Petrosian, T."
"Botvinnik, M.","Petrosian, T."
"Portisch, L.","Tal, M."
"Portisch, L.","Tal, M."
"Portisch, L.","Tal, M."
"Portisch, L.","Tal, M."
"Portisch, L.","Tal, M."
"Portisch, L.","Tal, M."
"Portisch, L.","Tal, M."
"Portisch, L.","Tal, M."
"Keres, P.","Spassky, B."
"Keres, P.","Spassky, B."
"Keres, P.","Spassky, B."
"Keres, P.","Spassky, B."
"Keres, P.","Spassky, B."
"Keres, P.","Spassky, B."
"Keres, P.","Spassky, B."
"Keres, P.","Spassky, B."
"Keres, P.","Spassky, B."
"Keres, P.","Spassky, B."
"Ivkov, B.","Larsen, B."
"Ivkov, B.","Larsen, B."
"Ivkov, B.","Larsen, B."
"Ivkov, B.","Larsen, B."
"Ivkov, B.","Larsen, B."
"Ivkov, B.","Larsen, B."
"Ivkov, B.","Larsen, B."
"Ivkov, B.","Larsen, B."
"Geller, E.","Smyslov, V."
"Geller, E.","Smyslov, V."
"Geller, E.","Smyslov, V."
"Geller, E.","Smyslov, V."
"Geller, E.","Smyslov, V."
"Geller, E.","Smyslov, V."
"Geller, E.","Smyslov, V."
"Geller, E.","Smyslov, V."
"Geller, E.","Larsen, B."
"Geller, E.","Larsen, B."
"Geller, E.","Larsen, B."
"Geller, E.","Larsen, B."
"Geller, E.","Larsen, B."
"Geller, E.","Larsen, B."
"Geller, E.","Larsen, B."
"Geller, E.","Larsen, B."
"Geller, E.","Larsen, B."
"Larsen, B.","Tal, M."
"Larsen, B.","Tal, M."
"Larsen, B.","Tal, M."
"Larsen, B.","Tal, M."
"Larsen, B.","Tal, M."
"Larsen, B.","Tal, M."
"Larsen, B.","Tal, M."
"Larsen, B.","Tal, M."
"Larsen, B.","Tal, M."
"Larsen, B.","Tal, M."
"Geller, E.","Spassky, B."
"Geller, E.","Spassky, B."
"Geller, E.","Spassky, B."
"Geller, E.","Spassky, B."
"Geller, E.","Spassky, B."
"Geller, E.","Spassky, B."
"Geller, E.","Spassky, B."
"Geller, E.","Spassky, B."
"Spassky, B.","Tal, M."
"Spassky, B.","Tal, M."
"Spassky, B.","Tal, M."
"Spassky, B.","Tal, M."
"Spassky, B.","Tal, M."
"Spassky, B.","Tal, M."
"Spassky, B.","Tal, M."
"Spassky, B.","Tal, M."
"Spassky, B.","Tal, M."
"Spassky, B.","Tal, M."
"Spassky, B.","Tal, M."
"Petrosian, T.","Spassky, B."
"Petrosian, T.","Spassky, B."
"Petrosian, T.","Spassky, B."
"Petrosian, T.","Spassky, B."
"Petrosian, T.","Spassky, B."
"Petrosian, T.","Spassky, B."
"Petrosian, T.","Spassky, B."
"Petrosian, T.","Spassky, B."
"Petrosian, T.","Spassky, B."
"Petrosian, T.","Spassky, B."
"Petrosian, T.","Spassky, B."
"Petrosian, T.","Spassky, B."
"Petrosian, T.","Spassky, B."
"Petrosian, T.","Spassky, B."
"Petrosian, T.","Spassky, B."
"Petrosian, T.","Spassky, B."
"Petrosian, T.","Spassky, B."
"Petrosian, T.","Spassky, B."
"Petrosian, T.","Spassky, B."
"Petrosian, T.","Spassky, B."
"Petrosian, T.","Spassky, B."
"Petrosian, T.","Spassky, B."
"Petrosian, T.","Spassky, B."
"Petrosian, T.","Spassky, B."
"Gligoric, S.","Tal, M."
"Gligoric, S.","Tal, M."
"Gligoric, S.","Tal, M."
"Gligoric, S.","Tal, M."
"Gligoric, S.","Tal, M."
"Gligoric, S.","Tal, M."
"Gligoric, S.","Tal, M."
"Gligoric, S.","Tal, M."
"Gligoric, S.","Tal, M."
"Geller, E.","Spassky, B."
"Geller, E.","Spassky, B."
"Geller, E.","Spassky, B."
"Geller, E.","Spassky, B."
"Geller, E.","Spassky, B."
"Geller, E.","Spassky, B."
"Geller, E.","Spassky, B."
"Geller, E.","Spassky, B."
"Larsen, B.","Portisch, L."
"Larsen, B.","Portisch, L."
"Larsen, B.","Portisch, L."
"Larsen, B.","Portisch, L."
"Larsen, B.","Portisch, L."
"Larsen, B.","Portisch, L."
"Larsen, B.","Portisch, L."
"Larsen, B.","Portisch, L."
"Larsen, B.","Portisch, L."
"Larsen, B.","Portisch, L."
"Korchnoi, V.","Reshevsky, S."
"Korchnoi, V.","Reshevsky, S."
"Korchnoi, V.","Reshevsky, S."
"Korchnoi, V.","Reshevsky, S."
"Korchnoi, V.","Reshevsky, S."
"Korchnoi, V.","Reshevsky, S."
"Korchnoi, V.","Reshevsky, S."
"Korchnoi, V.","Reshevsky, S."
"Larsen, B.","Tal, M."
"Larsen, B.","Tal, M."
"Larsen, B.","Tal, M."
"Larsen, B.","Tal, M."
"Larsen, B.","Tal, M."
"Larsen, B.","Tal, M."
"Larsen, B.","Tal, M."
"Larsen, B.","Tal, M."
"Larsen, B.","Spassky, B."
"Larsen, B.","Spassky, B."
"Larsen, B.","Spassky, B."
"Larsen, B.","Spassky, B."
"Larsen, B.","Spassky, B."
"Larsen, B.","Spassky, B."
"Larsen, B.","Spassky, B."
"Larsen, B.","Spassky, B."
"Korchnoi, V.","Tal, M."
"Korchnoi, V.","Tal, M."
"Korchnoi, V.","Tal, M."
"Korchnoi, V.","Tal, M."
"Korchnoi, V.","Tal, M."
"Korchnoi, V.","Tal, M."
"Korchnoi, V.","Tal, M."
"Korchnoi, V.","Tal, M."
"Korchnoi, V.","Tal, M."
"Korchnoi, V.","Tal, M."
"Korchnoi, V.","Spassky, B."
"Korchnoi, V.","Spassky, B."
"Korchnoi, V.","Spassky, B."
"Korchnoi, V.","Spassky, B."
"Korchnoi, V.","Spassky, B."
"Korchnoi, V.","Spassky, B."
"Korchnoi, V.","Spassky, B."
"Korchnoi, V.","Spassky, B."
"Korchnoi, V.","Spassky, B."
"Korchnoi, V.","Spassky, B."
"Petrosian, T.","Spassky, B."
"Petrosian, T.","Spassky, B."
"Petrosian, T.","Spassky, B."
"Petrosian, T.","Spassky, B."
"Petrosian, T.","Spassky, B."
"Petrosian, T.","Spassky, B."
"Petrosian, T.","Spassky, B."
"Petrosian, T.","Spassky, B."
"Petrosian, T.","Spassky, B."
"Petrosian, T.","Spassky, B."
"Petrosian, T.","Spassky, B."
"Petrosian, T.","Spassky, B."
"Petrosian, T.","Spassky, B."
"Petrosian, T.","Spassky, B."
"Petrosian, T.","Spassky, B."
"Petrosian, T.","Spassky, B."
"Petrosian, T.","Spassky, B."
"Petrosian, T.","Spassky, B."
"Petrosian, T.","Spassky, B."
"Petrosian, T.","Spassky, B."
"Petrosian, T.","Spassky, B."
"Petrosian, T.","Spassky, B."
"Petrosian, T.","Spassky, B."
"Huebner, R.","Petrosian, T."
"Huebner, R.","Petrosian, T."
"Huebner, R.","Petrosian, T."
"Huebner, R.","Petrosian, T."
"Huebner, R.","Petrosian, T."
"Huebner, R.","Petrosian, T."
"Huebner, R.","Petrosian, T."
"Larsen, B.","Uhlmann, W."
"Larsen, B.","Uhlmann, W."
"Larsen, B.","Uhlmann, W."
"Larsen, B.","Uhlmann, W."
"Larsen, B.","Uhlmann, W."
"Larsen, B.","Uhlmann, W."
"Larsen, B.","Uhlmann, W."
"Larsen, B.","Uhlmann, W."
"Larsen, B.","Uhlmann, W."
"Geller, E.","Korchnoi, V."
"Geller, E.","Korchnoi, V."
"Geller, E.","Korchnoi, V."
"Geller, E.","Korchnoi, V."
"Geller, E.","Korchnoi, V."
"Geller, E.","Korchnoi, V."
"Geller, E.","Korchnoi, V."
"Geller, E.","Korchnoi, V."
"Fischer, R.","Taimanov, M."
"Fischer, R.","Taimanov, M."
"Fischer, R.","Taimanov, M."
"Fischer, R.","Taimanov, M."
"Fischer, R.","Taimanov, M."
"Fischer, R.","Taimanov, M."
"Korchnoi, V.","Petrosian, T."
"Korchnoi, V.","Petrosian, T."
"Korchnoi, V.","Petrosian, T."
"Korchnoi, V.","Petrosian, T."
"Korchnoi, V.","Petrosian, T."
"Korchnoi, V.","Petrosian, T."
"Korchnoi, V.","Petrosian, T."
"Korchnoi, V.","Petrosian, T."
"Korchnoi, V.","Petrosian, T."
"Korchnoi, V.","Petrosian, T."
"Fischer, R.","Larsen, B."
"Fischer, R.","Larsen, B."
"Fischer, R.","Larsen, B."
"Fischer, R.","Larsen, B."
"Fischer, R.","Larsen, B."
"Fischer, R.","Larsen, B."
"Fischer, R.","Petrosian, T."
"Fischer, R.","Petrosian, T."
"Fischer, R.","Petrosian, T."
"Fischer, R.","Petrosian, T."
"Fischer, R.","Petrosian, T."
"Fischer, R.","Petrosian, T."
"Fischer, R.","Petrosian, T."
"Fischer, R.","Petrosian, T."
"Fischer, R.","Petrosian, T."
"Fischer, R.","Spassky, B."
"Fischer, R.","Spassky, B."
"Fischer, R.","Spassky, B."
"Fischer, R.","Spassky, B."
"Fischer, R.","Spassky, B."
"Fischer, R.","Spassky, B."
"Fischer, R.","Spassky, B."
"Fischer, R.","Spassky, B."
"Fischer, R.","Spassky, B."
"Fischer, R.","Spassky, B."
"Fischer, R.","Spassky, B."
"Fischer, R.","Spassky, B."
"Fischer, R.","Spassky, B."
"Fischer, R.","Spassky, B."
"Fischer, R.","Spassky, B."
"Fischer, R.","Spassky, B."
"Fischer, R.","Spassky, B."
"Fischer, R.","Spassky, B."
"Fischer, R.","Spassky, B."
"Fischer, R.","Spassky, B."
"Fischer, R.","Spassky, B."
"Byrne, R.","Spassky, B."
"Byrne, R.","Spassky, B."
"Byrne, R.","Spassky, B."
"Byrne, R.","Spassky, B."
"Byrne, R.","Spassky, B."
"Byrne, R.","Spassky, B."
"Petrosian, T.","Portisch, L."
"Petrosian, T.","Portisch, L."
"Petrosian, T.","Portisch, L."
"Petrosian, T.","Portisch, L."
"Petrosian, T.","Portisch, L."
"Petrosian, T.","Portisch, L."
"Petrosian, T.","Portisch, L."
"Petrosian, T.","Portisch, L."
"Petrosian, T.","Portisch, L."
"Petrosian, T.","Portisch, L."
"Petrosian, T.","Portisch, L."
"Petrosian, T.","Portisch, L."
"Petrosian, T.","Portisch, L."
"Karpov, A.","Polugaevsky, L."
"Karpov, A.","Polugaevsky, L."
"Karpov, A.","Polugaevsky, L."
"Karpov, A.","Polugaevsky, L."
"Karpov, A.","Polugaevsky, L."
"Karpov, A.","Polugaevsky, L."
"Karpov, A.","Polugaevsky, L."
"Karpov, A.","Polugaevsky, L."
"Mecking, H.","Korchnoi, V."
"Mecking, H.","Korchnoi, V."
"Mecking, H.","Korchnoi, V."
"Mecking, H.","Korchnoi, V."
"Mecking, H.","Korchnoi, V."
"Mecking, H.","Korchnoi, V."
"Mecking, H.","Korchnoi, V."
"Mecking, H.","Korchnoi, V."
"Mecking, H.","Korchnoi, V."
"Mecking, H.","Korchnoi, V."
"Mecking, H.","Korchnoi, V."
"Mecking, H.","Korchnoi, V."
"Mecking, H.","Korchnoi, V."
"Karpov, A.","Spassky, B."
"Karpov, A.","Spassky, B."
"Karpov, A.","Spassky, B."
"Karpov, A.","Spassky, B."
"Karpov, A.","Spassky, B."
"Karpov, A.","Spassky, B."
"Karpov, A.","Spassky, B."
"Karpov, A.","Spassky, B."
"Karpov, A.","Spassky, B."
"Karpov, A.","Spassky, B."
"Karpov, A.","Spassky, B."
"Korchnoi, V.","Petrosian, T."
"Korchnoi, V.","Petrosian, T."
"Korchnoi, V.","Petrosian, T."
"Korchnoi, V.","Petrosian, T."
"Korchnoi, V.","Petrosian, T."
"Karpov, A.","Korchnoi, V."
"Karpov, A.","Korchnoi, V."
"Karpov, A.","Korchnoi, V."
"Karpov, A.","Korchnoi, V."
"Karpov, A.","Korchnoi, V."
"Karpov, A.","Korchnoi, V."
"Karpov, A.","Korchnoi, V."
"Karpov, A.","Korchnoi, V."
"Karpov, A.","Korchnoi, V."
"Karpov, A.","Korchnoi, V."
"Karpov, A.","Korchnoi, V."
"Karpov, A.","Korchnoi, V."
"Karpov, A.","Korchnoi, V."
"Karpov, A.","Korchnoi, V."
"Karpov, A.","Korchnoi, V."
"Karpov, A.","Korchnoi, V."
"Karpov, A.","Korchnoi, V."
"Karpov, A.","Korchnoi, V."
"Karpov, A.","Korchnoi, V."
"Karpov, A.","Korchnoi, V."
"Karpov, A.","Korchnoi, V."
"Karpov, A.","Korchnoi, V."
"Karpov, A.","Korchnoi, V."
"Karpov, A.","Korchnoi, V."
"Hort, V.","Spassky, B."
"Hort, V.","Spassky, B."
"Hort, V.","Spassky, B."
"Hort, V.","Spassky, B."
"Hort, V.","Spassky, B."
"Hort, V.","Spassky, B."
"Hort, V.","Spassky, B."
"Hort, V.","Spassky, B."
"Hort, V.","Spassky, B."
"Hort, V.","Spassky, B."
"Hort, V.","Spassky, B."
"Hort, V.","Spassky, B."
"Hort, V.","Spassky, B."
"Hort, V.","Spassky, B."
"Hort, V.","Spassky, B."
"Hort, V.","Spassky, B."
"Mecking, H.","Polugaevsky, L."
"Mecking, H.","Polugaevsky, L."
"Mecking, H.","Polugaevsky, L."
"Mecking, H.","Polugaevsky, L."
"Mecking, H.","Polugaevsky, L."
"Mecking, H.","Polugaevsky, L."
"Mecking, H.","Polugaevsky, L."
"Mecking, H.","Polugaevsky, L."
"Mecking, H.","Polugaevsky, L."
"Mecking, H.","Polugaevsky, L."
"Mecking, H.","Polugaevsky, L."
"Mecking, H.","Polugaevsky, L."
"Larsen, B.","Portisch, L."
"Larsen, B.","Portisch, L."
"Larsen, B.","Portisch, L."
"Larsen, B.","Portisch, L."
"Larsen, B.","Portisch, L."
"Larsen, B.","Portisch, L."
"Larsen, B.","Portisch, L."
"Larsen, B.","Portisch, L."
"Larsen, B.","Portisch, L."
"Larsen, B.","Portisch, L."
"Korchnoi, V.","Petrosian, T."
"Korchnoi, V.","Petrosian, T."
"Korchnoi, V.","Petrosian, T."
"Korchnoi, V.","Petrosian, T."
"Korchnoi, V.","Petrosian, T."
"Korchnoi, V.","Petrosian, T."
"Korchnoi, V.","Petrosian, T."
"Korchnoi, V.","Petrosian, T."
"Korchnoi, V.","Petrosian, T."
"Korchnoi, V.","Petrosian, T."
"Korchnoi, V.","Petrosian, T."
"Korchnoi, V.","Petrosian, T."
"Portisch, L.","Spassky, B."
"Portisch, L.","Spassky, B."
"Portisch, L.","Spassky, B."
"Portisch, L.","Spassky, B."
"Portisch, L.","Spassky, B."
"Portisch, L.","Spassky, B."
"Portisch, L.","Spassky, B."
"Portisch, L.","Spassky, B."
"Portisch, L.","Spassky, B."
"Portisch, L.","Spassky, B."
"Portisch, L.","Spassky, B."
"Portisch, L.","Spassky, B."
"Portisch, L.","Spassky, B."
"Portisch, L.","Spassky, B."
"Portisch, L.","Spassky, B."
"Korchnoi, V.","Polugaevsky, L."
"Korchnoi, V.","Polugaevsky, L."
"Korchnoi, V.","Polugaevsky, L."
"Korchnoi, V.","Polugaevsky, L."
"Korchnoi, V.","Polugaevsky, L."
"Korchnoi, V.","Polugaevsky, L."
"Korchnoi, V.","Polugaevsky, L."
"Korchnoi, V.","Polugaevsky, L."
"Korchnoi, V.","Polugaevsky, L."
"Korchnoi, V.","Polugaevsky, L."
"Korchnoi, V.","Polugaevsky, L."
"Korchnoi, V.","Polugaevsky, L."
"Korchnoi, V.","Polugaevsky, L."
"Korchnoi, V.","Spassky, B."
"Korchnoi, V.","Spassky, B."
"Korchnoi, V.","Spassky, B."
"Korchnoi, V.","Spassky, B."
"Korchnoi, V.","Spassky, B."
"Korchnoi, V.","Spassky, B."
"Korchnoi, V.","Spassky, B."
"Korchnoi, V.","Spassky, B."
"Korchnoi, V.","Spassky, B."
"Korchnoi, V.","Spassky, B."
"Korchnoi, V.","Spassky, B."
"Korchnoi, V.","Spassky, B."
"Korchnoi, V.","Spassky, B."
"Korchnoi, V.","Spassky, B."
"Korchnoi, V.","Spassky, B."
"Korchnoi, V.","Spassky, B."
"Korchnoi, V.","Spassky, B."
"Korchnoi, V.","Spassky, B."
"Karpov, A.","Korchnoi, V."
"Karpov, A.","Korchnoi, V."
"Karpov, A.","Korchnoi, V."
"Karpov, A.","Korchnoi, V."
"Karpov, A.","Korchnoi, V."
"Karpov, A.","Korchnoi, V."
"Karpov, A.","Korchnoi, V."
"Karpov, A.","Korchnoi, V."
"Karpov, A.","Korchnoi, V."
"Karpov, A.","Korchnoi, V."
"Karpov, A.","Korchnoi, V."
"Karpov, A.","Korchnoi, V."
"Karpov, A.","Korchnoi, V."
"Karpov, A.","Korchnoi, V."
"Karpov, A.","Korchnoi, V."
"Karpov, A.","Korchnoi, V."
"Karpov, A.","Korchnoi, V."
"Karpov, A.","Korchnoi, V."
"Karpov, A.","Korchnoi, V."
"Karpov, A.","Korchnoi, V."
"Karpov, A.","Korchnoi, V."
"Karpov, A.","Korchnoi, V."
"Karpov, A.","Korchnoi, V."
"Karpov, A.","Korchnoi, V."
"Karpov, A.","Korchnoi, V."
"Karpov, A.","Korchnoi, V."
"Karpov, A.","Korchnoi, V."
"Karpov, A.","Korchnoi, V."
"Karpov, A.","Korchnoi, V."
"Karpov, A.","Korchnoi, V."
"Karpov, A.","Korchnoi, V."
"Karpov, A.","Korchnoi, V."
"Polugaevsky, L.","Tal, M."
"Polugaevsky, L.","Tal, M."
"Polugaevsky, L.","Tal, M."
"Polugaevsky, L.","Tal, M."
"Polugaevsky, L.","Tal, M."
"Polugaevsky, L.","Tal, M."
"Polugaevsky, L.","Tal, M."
"Polugaevsky, L.","Tal, M."
"Portisch, L.","Spassky, B."
"Portisch, L.","Spassky, B."
"Portisch, L.","Spassky, B."
"Portisch, L.","Spassky, B."
"Portisch, L.","Spassky, B."
"Portisch, L.","Spassky, B."
"Portisch, L.","Spassky, B."
"Portisch, L.","Spassky, B."
"Portisch, L.","Spassky, B."
"Portisch, L.","Spassky, B."
"Portisch, L.","Spassky, B."
"Portisch, L.","Spassky, B."
"Portisch, L.","Spassky, B."
"Portisch, L.","Spassky, B."
"Korchnoi, V.","Petrosian, T."
"Korchnoi, V.","Petrosian, T."
"Korchnoi, V.","Petrosian, T."
"Korchnoi, V.","Petrosian, T."
"Korchnoi, V.","Petrosian, T."
"Korchnoi, V.","Petrosian, T."
"Korchnoi, V.","Petrosian, T."
"Korchnoi, V.","Petrosian, T."
"Korchnoi, V.","Petrosian, T."
"Adorjan, A.","Huebner, R."
"Adorjan, A.","Huebner, R."
"Adorjan, A.","Huebner, R."
"Adorjan, A.","Huebner, R."
"Adorjan, A.","Huebner, R."
"Adorjan, A.","Huebner, R."
"Adorjan, A.","Huebner, R."
"Adorjan, A.","Huebner, R."
"Adorjan, A.","Huebner, R."
"Adorjan, A.","Huebner, R."
"Huebner, R.","Portisch, L."
"Huebner, R.","Portisch, L."
"Huebner, R.","Portisch, L."
"Huebner, R.","Portisch, L."
"Huebner, R.","Portisch, L."
"Huebner, R.","Portisch, L."
"Huebner, R.","Portisch, L."
"Huebner, R.","Portisch, L."
"Huebner, R.","Portisch, L."
"Huebner, R.","Portisch, L."
"Huebner, R.","Portisch, L."
"Korchnoi, V.","Polugaevsky, L."
"Korchnoi, V.","Polugaevsky, L."
"Korchnoi, V.","Polugaevsky, L."
"Korchnoi, V.","Polugaevsky, L."
"Korchnoi, V.","Polugaevsky, L."
"Korchnoi, V.","Polugaevsky, L."
"Korchnoi, V.","Polugaevsky, L."
"Korchnoi, V.","Polugaevsky, L."
"Korchnoi, V.","Polugaevsky, L."
"Korchnoi, V.","Polugaevsky, L."
"Korchnoi, V.","Polugaevsky, L."
"Korchnoi, V.","Polugaevsky, L."
"Korchnoi, V.","Polugaevsky, L."
"Korchnoi, V.","Polugaevsky, L."
"Huebner, R.","Korchnoi, V."
"Huebner, R.","Korchnoi, V."
"Huebner, R.","Korchnoi, V."
"Huebner, R.","Korchnoi, V."
"Huebner, R.","Korchnoi, V."
"Huebner, R.","Korchnoi, V."
"Huebner, R.","Korchnoi, V."
"Huebner, R.","Korchnoi, V."
"Karpov, A.","Korchnoi, V."
"Karpov, A.","Korchnoi, V."
"Karpov, A.","Korchnoi, V."
"Karpov, A.","Korchnoi, V."
"Karpov, A.","Korchnoi, V."
"Karpov, A.","Korchnoi, V."
"Karpov, A.","Korchnoi, V."
"Karpov, A.","Korchnoi, V."
"Karpov, A.","Korchnoi, V."
"Karpov, A.","Korchnoi, V."
"Karpov, A.","Korchnoi, V."
"Karpov, A.","Korchnoi, V."
"Karpov, A.","Korchnoi, V."
"Karpov, A.","Korchnoi, V."
"Karpov, A.","Korchnoi, V."
"Karpov, A.","Korchnoi, V."
"Karpov, A.","Korchnoi, V."
"Karpov, A.","Korchnoi, V."
"Korchnoi, V.","Portisch, L."
"Korchnoi, V.","Portisch, L."
"Korchnoi, V.","Portisch, L."
"Korchnoi, V.","Portisch, L."
"Korchnoi, V.","Portisch, L."
"Korchnoi, V.","Portisch, L."
"Korchnoi, V.","Portisch, L."
"Korchnoi, V.","Portisch, L."
"Korchnoi, V.","Portisch, L."
"Beliavsky, A.","Kasparov, G."
"Beliavsky, A.","Kasparov, G."
"Beliavsky, A.","Kasparov, G."
"Beliavsky, A.","Kasparov, G."
"Beliavsky, A.","Kasparov, G."
"Beliavsky, A.","Kasparov, G."
"Beliavsky, A.","Kasparov, G."
"Beliavsky, A.","Kasparov, G."
"Beliavsky, A.","Kasparov, G."
"Ribli, Z.","Torre, E."
"Ribli, Z.","Torre, E."
"Ribli, Z.","Torre, E."
"Ribli, Z.","Torre, E."
"Ribli, Z.","Torre, E."
"Ribli, Z.","Torre, E."
"Ribli, Z.","Torre, E."
"Ribli, Z.","Torre, E."
"Ribli, Z.","Torre, E."
"Ribli, Z.","Torre, E."
"Huebner, R.","Smyslov, V."
"Huebner, R.","Smyslov, V."
"Huebner, R.","Smyslov, V."
"Huebner, R.","Smyslov, V."
"Huebner, R.","Smyslov, V."
"Huebner, R.","Smyslov, V."
"Huebner, R.","Smyslov, V."
"Huebner, R.","Smyslov, V."
"Huebner, R.","Smyslov, V."
"Huebner, R.","Smyslov, V."
"Huebner, R.","Smyslov, V."
"Huebner, R.","Smyslov, V."
"Huebner, R.","Smyslov, V."
"Huebner, R.","Smyslov, V."
"Ribli, Z.","Smyslov, V."
"Ribli, Z.","Smyslov, V."
"Ribli, Z.","Smyslov, V."
"Ribli, Z.","Smyslov, V."
"Ribli, Z.","Smyslov, V."
"Ribli, Z.","Smyslov, V."
"Ribli, Z.","Smyslov, V."
"Ribli, Z.","Smyslov, V."
"Ribli, Z.","Smyslov, V."
"Ribli, Z.","Smyslov, V."
"Ribli, Z.","Smyslov, V."
"Kasparov, G.","Korchnoi, V."
"Kasparov, G.","Korchnoi, V."
"Kasparov, G.","Korchnoi, V."
"Kasparov, G.","Korchnoi, V."
"Kasparov, G.","Korchnoi, V."
"Kasparov, G.","Korchnoi, V."
"Kasparov, G.","Korchnoi, V."
"Kasparov, G.","Korchnoi, V."
"Kasparov, G.","Korchnoi, V."
"Kasparov, G.","Korchnoi, V."
"Kasparov, G.","Korchnoi, V."
"Kasparov, G.","Smyslov, V."
"Kasparov, G.","Smyslov, V."
"Kasparov, G.","Smyslov, V."
"Kasparov, G.","Smyslov, V."
"Kasparov, G.","Smyslov, V."
"Kasparov, G.","Smyslov, V."
"Kasparov, G.","Smyslov, V."
"Kasparov, G.","Smyslov, V."
"Kasparov, G.","Smyslov, V."
"Kasparov, G.","Smyslov, V."
"Kasparov, G.","Smyslov, V."
"Kasparov, G.","Smyslov, V."
"Kasparov, G.","Smyslov, V."
"Karpov, A.","Kasparov, G."
"Karpov, A.","Kasparov, G."
"Karpov, A.","Kasparov, G."
"Karpov, A.","Kasparov, G."
"Karpov, A.","Kasparov, G."
"Karpov, A.","Kasparov, G."
"Karpov, A.","Kasparov, G."
"Karpov, A.","Kasparov, G."
"Karpov, A.","Kasparov, G."
"Karpov, A.","Kasparov, G."
"Karpov, A.","Kasparov, G."
"Karpov, A.","Kasparov, G."
"Karpov, A.","Kasparov, G."
"Karpov, A.","Kasparov, G."
"Karpov, A.","Kasparov, G."
"Karpov, A.","Kasparov, G."
"Karpov, A.","Kasparov, G."
"Karpov, A.","Kasparov, G."
"Karpov, A.","Kasparov, G."
"Karpov, A.","Kasparov, G."
"Karpov, A.","Kasparov, G."
"Karpov, A.","Kasparov, G."
"Karpov, A.","Kasparov, G."
"Karpov, A.","Kasparov, G."
"Karpov, A.","Kasparov, G."
"Karpov, A.","Kasparov, G."
"Karpov, A.","Kasparov, G."
"Karpov, A.","Kasparov, G."
"Karpov, A.","Kasparov, G."
"Karpov, A.","Kasparov, G."
"Karpov, A.","Kasparov, G."
"Karpov, A.","Kasparov, G."
"Karpov, A.","Kasparov, G."
"Karpov, A.","Kasparov, G."
"Karpov, A.","Kasparov, G."
"Karpov, A.","Kasparov, G."
"Karpov, A.","Kasparov, G."
"Karpov, A.","Kasparov, G."
"Karpov, A.","Kasparov, G."
"Karpov, A.","Kasparov, G."
"Karpov, A.","Kasparov, G."
"Karpov, A.","Kasparov, G."
"Karpov, A.","Kasparov, G."
"Karpov, A.","Kasparov, G."
"Karpov, A.","Kasparov, G."
"Karpov, A.","Kasparov, G."
"Karpov, A.","Kasparov, G."
"Karpov, A.","Kasparov, G."
"Karpov, A.","Kasparov, G."
"Karpov, A.","Kasparov, G."
"Karpov, A.","Kasparov, G."
"Karpov, A.","Kasparov, G."
"Karpov, A.","Kasparov, G."
"Karpov, A.","Kasparov, G."
"Karpov, A.","Kasparov, G."
"Karpov, A.","Kasparov, G."
"Karpov, A.","Kasparov, G."
"Karpov, A.","Kasparov, G."
"Karpov, A.","Kasparov, G."
"Karpov, A.","Kasparov, G."
"Karpov, A.","Kasparov, G."
"Karpov, A.","Kasparov, G."
"Karpov, A.","Kasparov, G."
"Karpov, A.","Kasparov, G."
"Karpov, A.","Kasparov, G."
"Karpov, A.","Kasparov, G."
"Karpov, A.","Kasparov, G."
"Karpov, A.","Kasparov, G."
"Karpov, A.","Kasparov, G."
"Karpov, A.","Kasparov, G."
"Karpov, A.","Kasparov, G."
"Karpov, A.","Kasparov, G."
"Karpov, A.","Kasparov, G."
"Karpov, A.","Kasparov, G."
"Karpov, A.","Kasparov, G."
"Karpov, A.","Kasparov, G."
"Karpov, A.","Kasparov, G."
"Karpov, A.","Kasparov, G."
"Karpov, A.","Kasparov, G."
"Karpov, A.","Kasparov, G."
"Karpov, A.","Kasparov, G."
"Karpov, A.","Kasparov, G."
"Karpov, A.","Kasparov, G."
"Karpov, A.","Kasparov, G."
"Karpov, A.","Kasparov, G."
"Karpov, A.","Kasparov, G."
"Karpov, A.","Kasparov, G."
"Karpov, A.","Kasparov, G."
"Karpov, A.","Kasparov, G."
"Karpov, A.","Kasparov, G."
"Karpov, A.","Kasparov, G."
"Karpov, A.","Kasparov, G."
"Karpov, A.","Kasparov, G."
"Karpov, A.","Kasparov, G."
"Karpov, A.","Kasparov, G."
"Karpov, A.","Kasparov, G."
"Vaganian, R.","Yusupov, A."
"Sokolov, A.","Yusupov, A."
"Timman, J.","Yusupov, A."
"Tal, M.","Yusupov, A."
"Spassky, B.","Yusupov, A."
"Beliavsky, A.","Yusupov, A."
"Smyslov, V.","Yusupov, A."
"Chernin, A.","Yusupov, A."
"Seirawan, Y.","Yusupov, A."
"Short, N.","Yusupov, A."
"Portisch, L.","Yusupov, A."
"Korchnoi, V.","Yusupov, A."
"Ribli, Z.","Yusupov, A."
"Nogueiras, J.","Yusupov, A."
"Spraggett, K.","Yusupov, A."
"Sokolov, A.","Vaganian, R."
"Timman, J.","Vaganian, R."
"Tal, M.","Vaganian, R."
"Spassky, B.","Vaganian, R."
"Beliavsky, A.","Vaganian, R."
"Smyslov, V.","Vaganian, R."
"Chernin, A.","Vaganian, R."
"Seirawan, Y.","Vaganian, R."
"Short, N.","Vaganian, R."
"Portisch, L.","Vaganian, R."
"Korchnoi, V.","Vaganian, R."
"Ribli, Z.","Vaganian, R."
"Nogueiras, J.","Vaganian, R."
"Spraggett, K.","Vaganian, R."
"Sokolov, A.","Timman, J."
"Sokolov, A.","Tal, M."
"Sokolov, A.","Spassky, B."
"Beliavsky, A.","Sokolov, A."
"Smyslov, V.","Sokolov, A."
"Chernin, A.","Sokolov, A."
"Seirawan, Y.","Sokolov, A."
"Short, N.","Sokolov, A."
"Portisch, L.","Sokolov, A."
"Korchnoi, V.","Sokolov, A."
"Ribli, Z.","Sokolov, A."
"Nogueiras, J.","Sokolov, A."
"Sokolov, A.","Spraggett, K."
"Tal, M.","Timman, J."
"Spassky, B.","Timman, J."
"Beliavsky, A.","Timman, J."
"Smyslov, V.","Timman, J."
"Chernin, A.","Timman, J."
"Seirawan, Y.","Timman, J."
"Short, N.","Timman, J."
"Portisch, L.","Timman, J."
"Korchnoi, V.","Timman, J."
"Ribli, Z.","Timman, J."
"Nogueiras, J.","Timman, J."
"Spraggett, K.","Timman, J."
"Spassky, B.","Tal, M."
"Beliavsky, A.","Tal, M."
"Smyslov, V.","Tal, M."
"Chernin, A.","Tal, M."
"Seirawan, Y.","Tal, M."
"Short, N.","Tal, M."
"Portisch, L.","Tal, M."
"Korchnoi, V.","Tal, M."
"Ribli, Z.","Tal, M."
"Nogueiras, J.","Tal, M."
"Spraggett, K.","Tal, M."
"Beliavsky, A.","Spassky, B."
"Smyslov, V.","Spassky, B."
"Chernin, A.","Spassky, B."
"Seirawan, Y.","Spassky, B."
"Short, N.","Spassky, B."
"Portisch, L.","Spassky, B."
"Korchnoi, V.","Spassky, B."
"Ribli, Z.","Spassky, B."
"Nogueiras, J.","Spassky, B."
"Spassky, B.","Spraggett, K."
"Beliavsky, A.","Smyslov, V."
"Beliavsky, A.","Chernin, A."
"Beliavsky, A.","Seirawan, Y."
"Beliavsky, A.","Short, N."
"Beliavsky, A.","Portisch, L."
"Beliavsky, A.","Korchnoi, V."
"Beliavsky, A.","Ribli, Z."
"Beliavsky, A.","Nogueiras, J."
"Beliavsky, A.","Spraggett, K."
"Chernin, A.","Smyslov, V."
"Seirawan, Y.","Smyslov, V."
"Short, N.","Smyslov, V."
"Portisch, L.","Smyslov, V."
"Korchnoi, V.","Smyslov, V."
"Ribli, Z.","Smyslov, V."
"Nogueiras, J.","Smyslov, V."
"Smyslov, V.","Spraggett, K."
"Chernin, A.","Seirawan, Y."
"Chernin, A.","Short, N."
"Chernin, A.","Portisch, L."
"Chernin, A.","Korchnoi, V."
"Chernin, A.","Ribli, Z."
"Chernin, A.","Nogueiras, J."
"Chernin, A.","Spraggett, K."
"Seirawan, Y.","Short, N."
"Portisch, L.","Seirawan, Y."
"Korchnoi, V.","Seirawan, Y."
"Ribli, Z.","Seirawan, Y."
"Nogueiras, J.","Seirawan, Y."
"Seirawan, Y.","Spraggett, K."
"Portisch, L.","Short, N."
"Korchnoi, V.","Short, N."
"Short, N.","Ribli, Z."
"Nogueiras, J.","Short, N."
"Short, N.","Spraggett, K."
"Korchnoi, V.","Portisch, L."
"Portisch, L.","Ribli, Z."
"Nogueiras, J.","Portisch, L."
"Portisch, L.","Spraggett, K."
"Korchnoi, V.","Ribli, Z."
"Korchnoi, V.","Nogueiras, J."
"Korchnoi, V.","Spraggett, K."
"Nogueiras, J.","Ribli, Z."
"Ribli, Z.","Spraggett, K."
"Nogueiras, J.","Spraggett, K."
"Karpov, A.","Kasparov, G."
"Karpov, A.","Kasparov, G."
"Karpov, A.","Kasparov, G."
"Karpov, A.","Kasparov, G."
"Karpov, A.","Kasparov, G."
"Karpov, A.","Kasparov, G."
"Karpov, A.","Kasparov, G."
"Karpov, A.","Kasparov, G."
"Karpov, A.","Kasparov, G."
"Karpov, A.","Kasparov, G."
"Karpov, A.","Kasparov, G."
"Karpov, A.","Kasparov, G."
"Karpov, A.","Kasparov, G."
"Karpov, A.","Kasparov, G."
"Karpov, A.","Kasparov, G."
"Karpov, A.","Kasparov, G."
"Karpov, A.","Kasparov, G."
"Karpov, A.","Kasparov, G."
"Karpov, A.","Kasparov, G."
"Karpov, A.","Kasparov, G."
"Karpov, A.","Kasparov, G."
"Karpov, A.","Kasparov, G."
"Karpov, A.","Kasparov, G."
"Karpov, A.","Kasparov, G."
"Hjartarson, J.","Korchnoi, V."
"Hjartarson, J.","Korchnoi, V."
"Hjartarson, J.","Korchnoi, V."
"Hjartarson, J.","Korchnoi, V."
"Hjartarson, J.","Korchnoi, V."
"Hjartarson, J.","Korchnoi, V."
"Hjartarson, J.","Korchnoi, V."
"Hjartarson, J.","Korchnoi, V."
"Portisch, L.","Vaganian, R."
"Portisch, L.","Vaganian, R."
"Portisch, L.","Vaganian, R."
"Portisch, L.","Vaganian, R."
"Portisch, L.","Vaganian, R."
"Portisch, L.","Vaganian, R."
"Salov, V.","Timman, J."
"Salov, V.","Timman, J."
"Salov, V.","Timman, J."
"Salov, V.","Timman, J."
"Salov, V.","Timman, J."
"Salov, V.","Timman, J."
"Ehlvest, J.","Yusupov, A."
"Ehlvest, J.","Yusupov, A."
"Ehlvest, J.","Yusupov, A."
"Ehlvest, J.","Yusupov, A."
"Ehlvest, J.","Yusupov, A."
"Sax, G.","Short, N."
"Sax, G.","Short, N."
"Sax, G.","Short, N."
"Sax, G.","Short, N."
"Sax, G.","Short, N."
"Seirawan, Y.","Speelman, J."
"Seirawan, Y.","Speelman, J."
"Seirawan, Y.","Speelman, J."
"Seirawan, Y.","Speelman, J."
"Seirawan, Y.","Speelman, J."
"Sokolov, A.","Spraggett, K."
"Sokolov, A.","Spraggett, K."
"Sokolov, A.","Spraggett, K."
"Sokolov, A.","Spraggett, K."
"Sokolov, A.","Spraggett, K."
"Sokolov, A.","Spraggett, K."
"Sokolov, A.","Spraggett, K."
"Sokolov, A.","Spraggett, K."
"Sokolov, A.","Spraggett, K."
"Sokolov, A.","Spraggett, K."
"Sokolov, A.","Spraggett, K."
"Sokolov, A.","Spraggett, K."
"Spraggett, K.","Yusupov, A."
"Spraggett, K.","Yusupov, A."
"Spraggett, K.","Yusupov, A."
"Spraggett, K.","Yusupov, A."
"Spraggett, K.","Yusupov, A."
"Spraggett, K.","Yusupov, A."
"Spraggett, K.","Yusupov, A."
"Spraggett, K.","Yusupov, A."
"Spraggett, K.","Yusupov, A."
"Portisch, L.","Timman, J."
"Portisch, L.","Timman, J."
"Portisch, L.","Timman, J."
"Portisch, L.","Timman, J."
"Portisch, L.","Timman, J."
"Portisch, L.","Timman, J."
"Hjartarson, J.","Karpov, A."
"Hjartarson, J.","Karpov, A."
"Hjartarson, J.","Karpov, A."
"Hjartarson, J.","Karpov, A."
"Hjartarson, J.","Karpov, A."
"Short, N.","Speelman, J."
"Short, N.","Speelman, J."
"Short, N.","Speelman, J."
"Short, N.","Speelman, J."
"Short, N.","Speelman, J."
"Karpov, A.","Yusupov, A."
"Karpov, A.","Yusupov, A."
"Karpov, A.","Yusupov, A."
"Karpov, A.","Yusupov, A."
"Karpov, A.","Yusupov, A."
"Karpov, A.","Yusupov, A."
"Karpov, A.","Yusupov, A."
"Karpov, A.","Yusupov, A."
"Speelman, J.","Timman, J."
"Speelman, J.","Timman, J."
"Speelman, J.","Timman, J."
"Speelman, J.","Timman, J."
"Speelman, J.","Timman, J."
"Speelman, J.","Timman, J."
"Speelman, J.","Timman, J."
"Speelman, J.","Timman, J."
"Timman, J.","Karpov, A."
"Timman, J.","Karpov, A."
"Timman, J.","Karpov, A."
"Timman, J.","Karpov, A."
"Timman, J.","Karpov, A."
"Timman, J.","Karpov, A."
"Timman, J.","Karpov, A."
"Timman, J.","Karpov, A."
"Timman, J.","Karpov, A."
"Karpov, A.","Kasparov, G."
"Karpov, A.","Kasparov, G."
"Karpov, A.","Kasparov, G."
"Karpov, A.","Kasparov, G."
"Karpov, A.","Kasparov, G."
"Karpov, A.","Kasparov, G."
"Karpov, A.","Kasparov, G."
"Karpov, A.","Kasparov, G."
"Karpov, A.","Kasparov, G."
"Karpov, A.","Kasparov, G."
"Karpov, A.","Kasparov, G."
"Karpov, A.","Kasparov, G."
"Karpov, A.","Kasparov, G."
"Karpov, A.","Kasparov, G."
"Karpov, A.","Kasparov, G."
"Karpov, A.","Kasparov, G."
"Karpov, A.","Kasparov, G."
"Karpov, A.","Kasparov, G."
"Karpov, A.","Kasparov, G."
"Karpov, A.","Kasparov, G."
"Karpov, A.","Kasparov, G."
"Karpov, A.","Kasparov, G."
"Karpov, A.","Kasparov, G."
"Karpov, A.","Kasparov, G."
